City_ID,City,Lat,Lng,Max Temp,Humidity,Cloudiness,Wind Speed,Country,Date
0,la'ie,21.6477,-157.9253,27.98,72,18,4.02,US,1712701012
1,warrnambool,-38.3833,142.4833,14.24,81,75,4.76,AU,1712701173
2,cabo san lucas,22.8909,-109.9124,27.56,43,0,2.06,MX,1712700969
3,polyarnyy,69.1989,33.4478,-3.84,92,100,1.63,RU,1712701185
4,port-aux-francais,-49.35,70.2167,8.52,94,100,17.16,TF,1712701185
5,grytviken,-54.2811,-36.5092,2.48,87,100,5.8,GS,1712700889
6,puerto ayora,-0.7393,-90.3518,30.98,92,39,1.79,EC,1712701185
7,laguna,38.421,-121.4238,25.62,39,0,2.06,US,1712701186
8,flying fish cove,-10.4217,105.6791,24.82,88,40,1.54,CX,1712700921
9,albany,42.6001,-73.9662,22.63,33,51,1.79,US,1712700918
10,wailua homesteads,22.0669,-159.378,26.24,77,40,7.2,US,1712701186
11,puerto natales,-51.7236,-72.4875,4.73,90,34,2.9,CL,1712701187
12,vernon,50.2581,-119.2691,12.56,55,92,5.81,CA,1712701118
13,taoudenni,22.6783,-3.9836,32.0,14,0,3.03,ML,1712701187
14,blackmans bay,-43.0167,147.3167,13.62,81,55,2.66,AU,1712701187
15,fale old settlement,-9.3852,-171.2468,30.2,75,94,6.62,TK,1712701187
16,kovalam,8.3667,76.9967,29.05,74,20,1.03,IN,1712701187
17,hermanus,-34.4187,19.2345,14.89,83,97,2.22,ZA,1712700924
18,lamu,-2.2717,40.902,27.98,83,82,4.34,KE,1712701188
19,port lincoln,-34.7333,135.8667,14.71,69,100,2.09,AU,1712701002
20,ambodifotatra,-16.9833,49.85,26.11,79,48,1.84,MG,1712701188
21,ribeira grande,38.5167,-28.7,17.65,94,75,11.18,PT,1712701188
22,iqaluit,63.7506,-68.5145,-5.17,79,100,1.79,CA,1712700999
23,port elizabeth,-33.918,25.5701,17.83,96,28,4.02,ZA,1712701188
24,nanao,37.05,136.9667,8.99,73,5,3.16,JP,1712701189
25,papatowai,-46.5619,169.4708,15.16,82,100,0.93,NZ,1712701189
26,kiama,-34.6833,150.8667,15.77,66,73,2.24,AU,1712701111
27,margaret river,-33.95,115.0667,12.4,82,26,5.4,AU,1712701189
28,kavieng,-2.5744,150.7967,28.52,77,100,3.95,PG,1712701189
29,urubamba,-13.3047,-72.1158,19.5,85,100,2.45,PE,1712701190
30,acapulco de juarez,16.8634,-99.8901,27.9,74,0,6.69,MX,1712701190
31,kerema,-7.9631,145.7785,26.48,88,97,3.61,PG,1712701190
32,keflavik,64.0049,-22.5624,1.24,80,75,1.03,IS,1712701107
33,hawaiian paradise park,19.5933,-154.9731,25.49,78,100,2.06,US,1712701190
34,ilulissat,69.2167,-51.1,-6.99,68,20,1.54,GL,1712701190
35,prince rupert,54.3161,-130.3201,9.05,70,20,6.69,CA,1712701190
36,klyuchi,52.2667,79.1667,5.77,93,100,3.78,RU,1712701191
37,sarakhs,36.5449,61.1577,15.64,42,0,1.39,IR,1712701191
38,maitum,6.0392,124.4986,26.25,71,55,1.21,PH,1712701191
39,tura,25.5198,90.2201,23.78,36,75,1.48,IN,1712700945
40,port mathurin,-19.6833,63.4167,26.75,74,0,3.21,MU,1712700937
41,ceeldheer,3.8488,47.1806,28.39,74,99,5.03,SO,1712701038
42,whitehorse,60.7161,-135.0538,5.17,32,74,4.02,CA,1712700927
43,dudinka,69.4058,86.1778,-22.25,96,100,5.18,RU,1712700941
44,castillos,-34.1667,-53.8333,20.12,79,100,2.76,UY,1712701192
45,bilibino,68.0546,166.4372,-8.64,91,100,1.7,RU,1712701192
46,constantia,44.1833,28.65,10.39,77,0,2.79,RO,1712701189
47,puerto deseado,-47.7503,-65.8938,8.56,61,83,11.94,AR,1712701140
48,finsterwalde,51.6333,13.7167,11.96,89,100,4.71,DE,1712701193
49,saipan,15.1355,145.701,28.39,78,75,8.23,MP,1712701193
50,minas de marcona,-15.2119,-75.1103,19.07,74,71,6.55,PE,1712701038
51,la paz,-16.5,-68.15,14.99,41,40,3.6,BO,1712701004
52,lompoc,34.6391,-120.4579,27.1,55,0,6.69,US,1712701193
53,invercargill,-46.4,168.35,13.34,95,100,0.45,NZ,1712701193
54,mglin,53.0591,32.8475,14.29,71,8,2.92,RU,1712701193
55,isafjordur,66.0755,-23.124,-2.23,91,100,2.77,IS,1712701194
56,badger,64.8,-147.5333,3.14,52,75,1.54,US,1712701194
57,waitangi,-43.9535,-176.5597,17.68,88,31,4.47,NZ,1712701194
58,east ballina,-28.8667,153.5833,15.51,74,16,5.89,AU,1712701194
59,adamstown,-25.066,-130.1015,23.65,79,43,2.08,PN,1712701194
60,bethel,41.3712,-73.414,24.05,33,0,1.34,US,1712700902
61,vilyuchinsk,52.9306,158.4028,3.29,99,100,1.87,RU,1712701195
62,lebu,-37.6167,-73.65,12.1,69,82,9.88,CL,1712700985
63,hadibu,12.65,54.0333,26.58,76,21,3.18,YE,1712701195
64,kodiak,57.79,-152.4072,-2.27,54,75,6.17,US,1712701195
65,huichapan,20.3833,-99.65,29.2,11,100,10.4,MX,1712701195
66,gantang,26.92,119.6333,12.28,81,6,1.13,CN,1712701195
67,richards bay,-28.783,32.0377,18.62,88,1,3.21,ZA,1712701196
68,rongelap,11.1635,166.8941,27.09,84,100,9.5,MH,1712701196
69,queenstown,-31.8976,26.8753,12.14,81,100,5.95,ZA,1712701196
70,kirakira,-10.4544,161.9205,29.3,78,100,3.04,SB,1712701196
71,pont rouge,48.8833,-72.0825,9.16,45,5,1.6,CA,1712701196
72,udachny,66.4167,112.4,-1.97,78,100,7.65,RU,1712701196
73,stanley,54.868,-1.6985,5.44,79,0,9.26,GB,1712701197
74,cidreira,-30.1811,-50.2056,23.29,89,26,1.99,BR,1712701011
75,asaita,11.5636,41.4394,30.84,52,6,3.71,ET,1712701197
76,edinburgh of the seven seas,-37.0676,-12.3116,18.45,91,100,6.86,SH,1712701197
77,qaqortoq,60.7167,-46.0333,-4.24,81,0,1.33,GL,1712700984
78,xichang,27.8964,102.2634,12.41,65,4,0.94,CN,1712701197
79,lerwick,60.1545,-1.1494,7.0,86,100,7.39,GB,1712701198
80,akureyri,65.6835,-18.0878,-0.04,69,75,0.51,IS,1712701198
81,bredasdorp,-34.5322,20.0403,16.82,82,77,4.24,ZA,1712701198
82,mogocha,53.7333,119.7667,-5.42,81,10,1.7,RU,1712701198
83,georgetown,5.4112,100.3354,28.3,92,20,1.03,MY,1712701198
84,rovaniemi,66.5,25.7167,4.67,81,0,3.6,FI,1712701198
85,nova sintra,14.8667,-24.7167,23.4,78,0,8.63,CV,1712700923
86,petropavlovsk-kamchatsky,53.0452,158.6483,2.47,82,100,5.0,RU,1712701199
87,siwa oasis,29.2041,25.5195,18.82,49,2,3.86,EG,1712701199
88,kourou,5.1552,-52.6478,27.03,87,78,2.49,GF,1712701199
89,fort bragg,35.139,-79.006,19.91,67,100,5.66,US,1712701199
90,chos malal,-37.3781,-70.2709,17.16,31,100,3.21,AR,1712701200
91,sitka,57.0531,-135.33,7.94,57,75,2.57,US,1712700976
92,pisco,-13.7,-76.2167,25.03,69,0,9.26,PE,1712701200
93,punta arenas,-53.15,-70.9167,7.06,61,40,8.75,CL,1712701170
94,utrik,11.2278,169.8474,26.84,85,99,8.9,MH,1712701200
95,katsuren-haebaru,26.3369,127.8719,20.05,72,0,5.14,JP,1712701200
96,afaahiti,-17.75,-149.2833,28.92,83,100,5.03,PF,1712701008
97,st. john's,47.5649,-52.7093,0.38,92,100,8.75,CA,1712701187
98,yellowknife,62.456,-114.3525,7.29,45,20,4.63,CA,1712701086
99,miyako,39.6367,141.9525,4.38,57,2,1.95,JP,1712701201
100,san sebastian de la gomera,28.0916,-17.1133,20.2,68,0,3.6,ES,1712701201
101,yeppoon,-23.1333,150.7333,19.88,55,0,5.94,AU,1712701202
102,olonkinbyen,70.9221,-8.7187,-2.8,86,29,6.32,SJ,1712701202
103,susuman,62.7833,148.1667,-16.37,98,94,0.9,RU,1712701038
104,itoman,26.1247,127.6694,20.05,73,20,5.14,JP,1712701203
105,bahir dar,11.5936,37.3908,24.45,25,81,1.09,ET,1712701204
106,kone,-21.0595,164.8658,29.12,70,64,2.46,NC,1712701204
107,vadso,70.0744,29.7487,0.09,74,75,5.66,NO,1712701204
108,san luis de la loma,17.2706,-100.8939,28.87,55,87,4.38,MX,1712701205
109,fort mcmurray,56.7268,-111.381,13.77,20,45,4.59,CA,1712700941
110,kismayo,-0.3582,42.5454,28.45,78,94,4.05,SO,1712701205
111,alofi,-19.0595,-169.9187,28.94,84,20,5.66,NU,1712701206
112,longyearbyen,78.2186,15.6401,-10.09,85,75,1.03,SJ,1712701086
113,tsiombe,-25.3,45.4833,23.24,96,98,1.4,MG,1712701082
114,huilong,31.8111,121.655,10.46,82,99,3.8,CN,1712701206
115,mbengwi,6.0167,10.0,19.71,88,61,1.1,CM,1712701207
116,nuuk,64.1835,-51.7216,-2.66,74,20,2.57,GL,1712700985
117,shengli,37.4564,118.4856,11.17,46,100,0.96,CN,1712701207
118,college,64.8569,-147.8028,3.18,47,75,1.54,US,1712701208
119,korla,41.7597,86.1469,13.5,32,70,0.47,CN,1712701208
120,praya,14.9215,-23.5087,22.3,73,20,6.69,CV,1712700920
121,anadyr,64.75,177.4833,-4.72,85,75,10.0,RU,1712700940
122,tak,16.5833,98.8333,24.88,65,40,0.89,TH,1712701208
123,tara,56.8944,74.371,-2.4,96,99,1.83,RU,1712701209
124,mariinsk,56.2139,87.7472,4.43,96,100,4.16,RU,1712701209
125,nora,59.5193,15.0398,10.69,100,100,0.89,SE,1712701209
126,sabang,5.8933,95.3214,29.33,73,94,5.6,ID,1712700991
127,san antonio de pale,-1.4014,5.6325,27.86,77,35,3.5,GQ,1712701209
128,colonia,50.9333,6.95,11.09,72,0,4.12,DE,1712701064
129,atafu village,-8.5421,-172.5159,30.27,75,78,7.24,TK,1712701209
130,konarka,19.9,86.1167,25.22,70,70,2.56,IN,1712700984
131,kegeyli shahar,42.7767,59.6078,8.05,57,0,3.05,UZ,1712701211
132,tolanaro,-25.0319,46.9987,23.35,97,66,3.79,MG,1712701211
133,geraldton,-28.7667,114.6,21.23,46,0,7.72,AU,1712701211
134,dobroye,52.8678,39.8109,17.09,72,52,2.84,RU,1712701211
135,north shore,-36.8,174.75,21.93,80,49,1.34,NZ,1712701178
136,kayangel,8.0823,134.7173,27.65,77,100,5.82,PW,1712701212
137,oranjemund,-28.55,16.4333,15.65,88,0,6.0,NA,1712700980
138,nemuro,43.3236,145.575,0.89,76,6,6.26,JP,1712701212
139,dawei,14.0833,98.2,25.55,79,80,1.08,MM,1712701212
140,thompson,55.7435,-97.8558,14.09,24,40,1.03,CA,1712701212
141,rockland,41.1668,-74.0496,24.9,37,92,0.45,US,1712701212
142,carnarvon,-24.8667,113.6333,25.03,41,0,6.45,AU,1712701025
143,aasiaat,68.7098,-52.8699,-9.61,86,100,2.27,GL,1712701045
144,ratia,29.6833,75.5833,23.49,16,12,3.02,IN,1712700960
145,nishinoomote,30.7333,131.0,16.38,63,11,9.9,JP,1712701213
146,cienfuegos,22.1461,-80.4356,29.08,61,1,4.63,CU,1712701213
147,kruisfontein,-34.0033,24.7314,16.6,84,63,7.24,ZA,1712701212
148,kassala,15.451,36.4,29.64,11,80,4.87,SD,1712701213
149,batticaloa,7.7102,81.6924,27.9,67,100,2.26,LK,1712701214
150,new norfolk,-42.7826,147.0587,13.73,76,89,1.12,AU,1712701061
151,bukittinggi,-0.3091,100.3706,19.63,99,100,0.46,ID,1712701214
152,bubaque,11.2833,-15.8333,24.36,71,46,5.55,GW,1712701214
153,ghormach,35.7306,63.7826,14.17,57,5,3.37,AF,1712701214
154,eaglehawk,-36.7333,144.25,9.5,77,0,2.63,AU,1712701215
155,alibag,18.6411,72.8792,27.04,75,0,3.11,IN,1712701215
156,kerikeri,-35.2268,173.9474,22.17,82,83,4.82,NZ,1712700993
157,metlili chaamba,32.2667,3.6333,22.52,38,75,8.23,DZ,1712701215
158,bada,51.392,109.8717,-1.33,86,8,1.59,RU,1712701215
159,fortuna,40.5982,-124.1573,15.92,77,100,6.17,US,1712701043
160,casper,42.8666,-106.3131,10.96,38,100,5.66,US,1712701083
161,canutama,-6.5339,-64.3831,25.05,96,100,0.21,BR,1712701216
162,macau,22.2006,113.5461,22.89,78,40,5.66,MO,1712701216
163,horta,38.5333,-28.6333,17.23,93,75,11.18,PT,1712701217
164,palencia,42.4167,-4.5,7.11,89,69,3.74,ES,1712701217
165,la passe,45.5549,-0.8967,11.1,78,6,5.46,FR,1712701217
166,harnosand,62.6323,17.9379,2.01,99,100,1.69,SE,1712700917
167,qui nhon,13.7667,109.2333,25.94,78,100,1.45,VN,1712701217
168,ubari,26.5921,12.7805,22.43,15,0,4.48,LY,1712701217
169,avarua,-21.2078,-159.775,26.03,89,20,5.66,CK,1712701218
170,manokwari,-0.8667,134.0833,26.07,81,88,2.17,ID,1712701218
171,acarau,-2.8856,-40.12,26.56,87,99,3.48,BR,1712701218
172,sukumo,32.9333,132.7333,9.61,79,7,1.53,JP,1712701218
173,greenville,35.6127,-77.3663,21.75,62,0,4.12,US,1712700979
174,ust-nera,64.5667,143.2,-11.11,95,79,1.86,RU,1712701219
175,guerrero negro,27.9769,-114.0611,20.75,46,0,6.99,MX,1712701067
176,al qusiyah,27.4402,30.8184,19.22,34,0,3.45,EG,1712701219
177,enewetak,11.3474,162.3373,27.16,81,100,9.24,MH,1712701220
178,coquimbo,-29.9533,-71.3436,15.86,86,41,3.15,CL,1712701022
179,calera,33.1029,-86.7536,18.21,96,100,0.89,US,1712700940
180,tarawa,1.419,172.984,28.05,83,100,6.17,KI,1712701122
181,filingue,14.3521,3.3168,35.6,19,100,3.04,NE,1712701220
182,kesinga,20.2,83.2333,27.2,46,44,0.57,IN,1712701220
183,northam,51.0333,-4.2167,8.67,89,13,5.37,GB,1712701221
184,jining,35.405,116.5814,12.8,96,93,2.86,CN,1712701221
185,el fuerte,26.4189,-108.6194,28.58,12,0,6.3,MX,1712701221
186,shubarkuduk,49.1447,56.4872,12.2,74,100,4.35,KZ,1712701221
187,ancud,-41.8697,-73.8203,10.74,68,54,4.04,CL,1712701221
188,brak,27.5496,14.2714,21.6,21,0,4.23,LY,1712701221
189,arno,60.1167,18.6333,3.21,92,100,3.8,SE,1712701222
190,masterton,-40.9597,175.6575,21.72,53,42,3.94,NZ,1712701222
191,ushuaia,-54.8,-68.3,4.81,65,75,10.8,AR,1712700937
192,rio grande,-32.035,-52.0986,25.06,88,51,4.79,BR,1712700982
193,houghton,47.1219,-88.569,10.62,78,75,6.17,US,1712701013
194,tiksi,71.6872,128.8694,-17.46,96,100,2.22,RU,1712701223
195,egilsstadir,65.2653,-14.3948,-0.05,80,100,5.14,IS,1712701223
196,mana,5.6592,-53.7767,27.11,80,100,3.32,GF,1712701223
197,brokopondo,4.75,-55.1667,29.88,65,78,5.1,SR,1712701223
198,san patricio,28.017,-97.5169,32.87,62,54,8.07,US,1712701223
199,peshtera,42.0333,24.3,9.44,52,32,2.36,BG,1712701224
200,west island,-12.1568,96.8225,26.99,74,40,6.69,CC,1712701224
201,ta`u,-14.2336,-169.5144,29.58,77,97,5.87,AS,1712701224
202,kalmunai,7.4167,81.8167,26.97,72,95,2.35,LK,1712701225
203,mineiros,-17.5694,-52.5511,21.96,92,100,0.9,BR,1712701097
204,nohar,29.1833,74.7667,25.8,14,6,3.61,IN,1712701225
205,coronel suarez,-37.4547,-61.9334,15.83,38,95,4.42,AR,1712701225
206,tual,-5.6667,132.75,27.62,76,100,1.46,ID,1712701225
207,bamboo flat,11.7,92.7167,26.73,78,100,2.04,IN,1712701226
208,merritt island,28.5392,-80.672,25.01,64,0,7.2,US,1712701226
209,borzya,50.3833,116.5167,-1.44,47,1,2.43,RU,1712701226
210,uturoa,-16.7333,-151.4333,28.88,76,97,5.28,PF,1712701227
211,laminusa,5.5549,120.9136,27.68,76,55,1.79,PH,1712701227
212,alice springs,-23.7,133.8833,16.23,59,3,2.06,AU,1712701227
213,mejit,10.2753,170.8646,26.97,85,94,9.26,MH,1712701070
214,vega de alatorre,20.0333,-96.6333,31.59,58,65,5.07,MX,1712701227
215,tamandare,-8.7597,-35.1047,26.35,86,98,3.93,BR,1712701228
216,vilyuysk,63.7553,121.6247,-11.67,97,52,2.68,RU,1712700957
217,yangambi,0.8102,24.4336,23.45,87,100,1.26,CD,1712701228
218,lagos,6.5833,3.75,29.18,83,36,2.33,NG,1712701200
219,nar'yan-mar,67.6713,53.087,-8.27,85,100,2.24,RU,1712701229
220,cururupu,-1.8283,-44.8683,24.62,94,96,0.93,BR,1712701229
221,aktau,43.65,51.2,10.32,62,23,5.08,KZ,1712701229
222,antofagasta,-23.65,-70.4,18.64,83,74,4.22,CL,1712701022
223,boende,-0.2167,20.8667,24.64,77,24,1.15,CD,1712701229
224,pagar alam,-4.0167,103.2667,20.6,98,100,1.36,ID,1712701230
225,hithadhoo,-0.6,73.0833,28.95,75,83,2.97,MV,1712700946
226,westport,41.1415,-73.3579,24.75,42,0,1.54,US,1712701230
227,gadzhiyevo,69.2551,33.3362,-3.86,92,100,1.73,RU,1712701075
228,xining,36.6167,101.7667,4.33,81,100,0.66,CN,1712701098
229,djibo,14.1022,-1.6306,33.54,10,6,4.78,BF,1712701048
230,quila,24.4228,-107.22,29.92,23,0,6.27,MX,1712701231
231,as sulayyil,20.4607,45.5779,27.14,49,88,7.54,SA,1712701231
232,fortaleza,-3.7227,-38.5247,29.56,84,20,3.09,BR,1712701200
233,vila franca do campo,37.7167,-25.4333,18.27,99,100,6.52,PT,1712700984
234,whitby,54.4877,-0.615,7.3,79,54,4.47,GB,1712701073
235,tralee,52.2704,-9.7026,7.0,89,99,2.07,IE,1712701232
236,kapuskasing,49.4169,-82.4331,8.05,100,100,2.57,CA,1712701103
237,mabaruma,8.2,-59.7833,26.93,72,38,2.67,GY,1712701233
238,pasighat,28.0667,95.3333,18.78,69,88,3.69,IN,1712701233
239,pundong,-7.9522,110.3486,25.02,95,100,0.74,ID,1712701233
240,oamaru,-45.0784,170.9801,15.77,89,100,2.01,NZ,1712701111
241,codrington,-38.2667,141.9667,13.83,81,73,3.11,AU,1712700941
242,pontes e lacerda,-15.2261,-59.3353,24.93,94,100,1.51,BR,1712701233
243,talnakh,69.4865,88.3972,-25.04,98,99,4.76,RU,1712700941
244,la ronge,55.1001,-105.2842,14.12,35,100,2.57,CA,1712701234
245,key west,24.5557,-81.7826,27.0,61,0,8.23,US,1712700979
246,lamarque,-39.423,-65.7021,13.97,20,69,3.49,AR,1712701234
247,sur,22.5667,59.5289,28.38,58,50,2.67,OM,1712701234
248,port moresby,-9.4431,147.1797,26.56,83,98,1.08,PG,1712701234
249,harper,4.375,-7.7169,27.97,83,97,3.37,LR,1712701234
250,dungarpur,23.8333,73.7167,28.88,19,88,2.86,IN,1712701235
251,padangsidempuan,1.3667,99.2667,22.05,99,100,0.47,ID,1712701034
252,mil'kovo,55.6078,37.7956,14.22,96,100,2.04,RU,1712701235
253,hitzacker,53.1525,11.0442,10.94,75,100,5.44,DE,1712701235
254,jebrail,39.3992,47.0283,10.96,81,100,0.58,AZ,1712701235
255,changzhou,31.7833,119.9667,11.08,67,99,3.07,CN,1712701235
256,viedma,-40.8135,-62.9967,10.63,46,3,4.12,AR,1712701120
257,derzhavinsk,51.1,66.3167,4.33,91,46,4.08,KZ,1712701236
258,sundarnagar,31.5333,76.8833,16.41,29,0,3.14,IN,1712701236
259,verkhnevilyuysk,63.4453,120.3167,-9.75,94,37,2.86,RU,1712701236
260,iskateley,67.6803,53.1512,-8.32,85,100,2.24,RU,1712701236
261,ketchikan,55.3422,-131.6461,8.52,66,75,6.17,US,1712701236
262,ola,59.5833,151.2833,-5.48,74,4,3.92,RU,1712701236
263,arkhara,49.4212,130.0842,-0.13,54,81,2.24,RU,1712701237
264,strezhevoy,60.7333,77.5889,-13.91,91,49,2.68,RU,1712701237
265,sitia,35.2,26.0986,18.32,68,0,5.51,GR,1712701237
266,belousovka,50.1339,82.5239,6.47,93,100,1.0,KZ,1712701237
267,sault ste. marie,46.5168,-84.3333,12.16,66,100,5.14,CA,1712701151
268,callao,-12.0667,-77.15,24.16,73,0,5.14,PE,1712701237
269,ciudad melchor muzquiz,27.8833,-101.5167,35.77,5,0,7.37,MX,1712701238
270,tangalle,6.024,80.7911,24.94,83,35,3.89,LK,1712701238
271,usinsk,65.9939,57.5281,-12.74,86,100,3.58,RU,1712701238
272,arkhangel'sk,64.5401,40.5433,1.18,100,100,1.0,RU,1712701238
273,coari,-4.085,-63.1414,25.93,92,93,1.53,BR,1712701116
274,yangjiang,21.85,111.9667,22.29,83,100,4.07,CN,1712701238
275,fisterra,42.9049,-9.2629,10.42,63,96,1.17,ES,1712701239
276,languyan,5.2618,120.0807,24.61,90,33,1.14,PH,1712701239
277,sodra sandby,56.5667,16.6167,8.92,95,100,2.78,SE,1712701239
278,jayapura,-2.5333,140.7,24.66,94,100,2.41,ID,1712701239
279,alexandroupoli,40.8475,25.8744,9.9,81,0,0.0,GR,1712701239
280,chegdomyn,51.1167,133.0167,-6.78,86,55,0.59,RU,1712701239
281,kenai,60.5544,-151.2583,1.16,79,100,11.32,US,1712701095
282,veraval,20.9,70.3667,25.4,70,14,5.45,IN,1712701045
283,namsos,64.4662,11.4957,6.03,70,100,4.12,NO,1712701240
284,jamestown,42.097,-79.2353,22.8,40,20,5.14,US,1712701045
285,lagunas,-5.2269,-75.6753,29.03,77,31,1.65,PE,1712701240
286,kaihua,23.3687,104.28,14.71,96,17,2.51,CN,1712701240
287,la gi,10.6667,107.7833,25.72,83,9,6.53,VN,1712701240
288,pemalang,-6.9,109.3667,25.54,83,97,2.22,ID,1712701240
289,gurupa,-1.405,-51.64,25.7,92,100,1.07,BR,1712701241
290,salahonda,2.1019,-78.7217,27.29,79,22,6.03,CO,1712701241
291,guarapari,-20.6667,-40.4975,26.61,88,99,2.84,BR,1712701241
292,poso,-1.3959,120.7524,25.37,81,92,1.54,ID,1712701241
293,choibalsan,48.0667,114.5,3.54,53,56,2.21,MN,1712701241
294,bei'an,24.5399,109.533,19.12,87,100,1.46,CN,1712701071
295,arenapolis,-14.4503,-56.8461,25.58,86,100,1.79,BR,1712701242
296,awjilah,29.1081,21.2869,17.26,49,37,4.07,LY,1712701242
297,amasra,41.7463,32.3863,10.05,90,0,1.96,TR,1712701242
298,lihue,21.9789,-159.3672,26.58,71,40,7.2,US,1712701242
299,howard springs,-12.497,131.047,23.95,73,88,2.7,AU,1712701242
300,matale,7.4721,80.6234,18.16,94,29,1.42,LK,1712701243
301,gering,41.8258,-103.6605,16.07,25,0,5.14,US,1712701243
302,kirensk,57.7853,108.1119,-13.35,99,70,0.89,RU,1712701243
303,pimenta bueno,-11.6725,-61.1936,25.99,91,100,1.83,BR,1712701178
304,happy valley-goose bay,53.3168,-60.3315,-1.83,46,75,7.2,CA,1712701226
305,salekhard,66.53,66.6019,-26.45,98,75,1.79,RU,1712701243
306,hamilton,39.1834,-84.5333,18.43,83,100,5.66,US,1712701030
307,puerto aysen,-45.4,-72.7,6.87,92,90,1.07,CL,1712701244
308,tindouf,27.6711,-8.1474,31.25,12,0,5.66,DZ,1712701244
309,itu,-23.2642,-47.2992,26.51,81,67,0.57,BR,1712701178
310,north bend,43.4065,-124.2243,18.32,82,40,6.17,US,1712701244
311,al hawatah,13.4167,34.6333,32.55,6,84,7.69,SD,1712701244
312,frenda,35.0654,1.0495,7.43,77,0,2.76,DZ,1712701244
313,grand falls-windsor,48.9332,-55.6649,-0.83,77,50,1.79,CA,1712701244
314,nicoya,10.1483,-85.452,32.45,50,100,2.67,CR,1712700977
315,kampot,10.6167,104.1833,29.03,80,57,2.95,KH,1712701245
316,saynshand,44.8824,110.1163,8.26,48,75,1.56,MN,1712701245
317,az zawr,29.4425,48.2747,25.57,76,33,8.62,KW,1712701245
318,praia da vitoria,38.7333,-27.0667,17.64,96,100,10.39,PT,1712700947
319,kukawa,12.9234,13.5606,29.77,28,84,4.49,NG,1712701245
320,dawson creek,55.7666,-120.2362,7.8,31,75,7.2,CA,1712701097
321,toliara,-23.35,43.6667,23.43,89,9,2.86,MG,1712701246
322,kas,36.2018,29.6377,17.17,64,29,1.9,TR,1712701246
323,kangding,30.0513,101.9603,6.65,72,11,2.37,CN,1712701246
324,lady frere,-31.7031,27.2329,13.13,83,100,5.81,ZA,1712701246
325,isheyevka,54.4167,48.2667,10.12,90,53,2.66,RU,1712701246
326,haparanda,65.8355,24.1368,1.03,94,100,3.11,SE,1712701246
327,andovoranto,-18.95,49.1,22.47,89,2,2.04,MG,1712701246
328,monrovia,6.3005,-10.7969,27.28,85,100,3.58,LR,1712701246
329,palopo,-2.9996,120.1921,24.88,91,100,0.79,ID,1712701247
330,bantogon,6.5333,124.0333,26.58,74,78,1.8,PH,1712701247
331,mountain home,43.133,-115.6912,16.9,42,40,4.12,US,1712701112
332,tippi,7.2,35.45,19.86,87,86,1.22,ET,1712701247
333,ar ruways,24.1103,52.7306,26.28,60,97,10.75,AE,1712701247
334,arraial do cabo,-22.9661,-42.0278,23.98,94,20,1.03,BR,1712701248
335,mount pearl,47.5166,-52.7813,-0.08,92,100,8.75,CA,1712701248
336,benguela,-12.5763,13.4055,24.97,84,81,1.69,AO,1712701248
337,saint-pierre,-21.3393,55.4781,23.82,78,0,2.57,RE,1712701064
338,liuhe,42.2401,125.7172,5.63,27,83,2.34,CN,1712701248
339,tucuma,-0.1833,-50.05,25.93,88,100,2.59,BR,1712701249
340,vorgashor,67.5833,63.95,-30.11,100,58,1.44,RU,1712701249
341,san nicolas guadalupe,19.6125,-100.0333,21.84,20,95,5.99,MX,1712701249
342,nouadhibou,20.931,-17.0347,19.99,68,0,10.8,MR,1712701249
343,lata,40.1629,-8.3327,10.51,94,3,0.31,PT,1712701007
344,luderitz,-26.6481,15.1594,18.18,67,0,7.68,NA,1712701249
345,havana,23.133,-82.383,29.24,58,20,4.63,CU,1712701227
346,ogoja,6.6547,8.7976,26.46,70,94,0.88,NG,1712701250
347,concepcion,-36.827,-73.0498,16.89,63,0,4.63,CL,1712701239
348,slyudyanka,51.6594,103.7061,-1.34,95,41,1.06,RU,1712701250
349,baker city,44.7749,-117.8344,16.84,44,75,6.17,US,1712701089
350,bardai,11.65,7.2333,27.22,37,85,5.45,NG,1712701250
351,boca suno,-0.7167,-77.1333,25.77,67,26,1.92,EC,1712700977
352,cockburn town,21.4612,-71.1419,24.35,62,38,8.7,TC,1712701062
353,sunrise,26.1577,-80.2861,26.11,62,20,7.2,US,1712701251
354,holualoa,19.6228,-155.9522,25.86,74,20,5.66,US,1712701251
355,ed damer,17.5928,33.9592,25.28,10,83,5.2,SD,1712701251
356,bikaner,28.0167,73.3,26.46,12,79,4.34,IN,1712701069
357,kapa'a,22.0752,-159.319,26.99,78,40,7.2,US,1712701018
358,sisimiut,66.9395,-53.6735,-7.6,78,71,2.02,GL,1712701252
359,ixtapa,20.7,-105.2,24.57,69,75,5.14,MX,1712701252
360,chapada dos guimaraes,-15.4606,-55.7497,21.81,89,100,1.34,BR,1712701252
361,guanica,17.9716,-66.908,27.5,59,70,3.48,PR,1712701252
362,zeya,53.75,127.2667,1.94,53,100,2.28,RU,1712701253
363,haiku-pauwela,20.9219,-156.3051,27.34,68,20,9.77,US,1712701010
364,kingston,17.997,-76.7936,28.98,77,90,2.28,JM,1712701036
365,mount isa,-20.7333,139.5,17.87,48,52,7.72,AU,1712701253
366,menemen,38.6075,27.0694,15.65,71,0,3.6,TR,1712701253
367,yemel'yanovo,56.1681,92.6767,8.45,87,40,5.0,RU,1712701253
368,mzimba,-11.9,33.6,17.5,96,28,2.52,MW,1712701254
369,chibougamau,49.9168,-74.3659,9.79,25,0,4.12,CA,1712701083
370,khandyga,62.6667,135.6,-7.62,95,100,0.23,RU,1712701254
371,le morne-rouge,14.7667,-61.1333,24.76,70,19,4.05,MQ,1712701254
372,anna regina,7.2644,-58.5077,27.09,72,43,3.91,GY,1712701254
373,terme,41.2092,36.9739,11.96,92,94,2.87,TR,1712701254
374,port saint john's,-31.6229,29.5448,20.77,80,100,11.2,ZA,1712701255
375,pato branco,-26.2286,-52.6706,22.53,73,75,1.96,BR,1712701071
376,bumba,2.1833,22.4667,24.08,83,67,0.85,CD,1712700975
377,natal,-5.795,-35.2094,28.12,83,75,2.06,BR,1712701220
378,alo,7.4178,6.7371,29.88,50,73,1.39,NG,1712701255
379,novoishimskiy,53.1981,66.7694,3.94,95,100,2.96,KZ,1712701255
380,portland,45.5234,-122.6762,19.2,59,40,3.09,US,1712701211
381,yoloten,37.2989,62.3597,16.02,28,5,4.23,TM,1712701256
382,maceio,-9.6658,-35.7353,25.69,94,75,3.09,BR,1712701256
383,borogontsy,62.6683,131.1683,-11.6,100,100,1.27,RU,1712701257
384,omiya,36.55,140.4167,5.83,56,0,1.32,JP,1712701206
385,mata-utu,-13.2816,-176.1745,29.69,78,82,4.96,WF,1712701257
386,nahiyat ash shinafiyah,31.5874,44.6602,23.86,58,0,3.74,IQ,1712701257
387,ebon,4.582,168.6964,28.27,84,95,8.53,MH,1712701257
388,nuku'alofa,-21.1333,-175.2,29.19,79,20,6.17,TO,1712701258
389,fish town,5.1964,-7.8756,24.74,94,100,1.13,LR,1712701258
390,chistopol',55.3631,50.6424,6.23,86,77,2.47,RU,1712701258
391,daru,-9.0763,143.2092,26.44,87,99,3.01,PG,1712701259
392,copala,16.65,-98.9833,28.58,58,100,4.23,MX,1712701259
393,almeria,37.1667,-2.3333,11.54,47,1,1.51,ES,1712701259
394,broken hill,-31.95,141.4333,9.94,61,0,4.8,AU,1712701183
395,tieling,42.2931,123.8414,7.4,32,53,2.18,CN,1712701259
396,monticello,45.3055,-93.7941,16.66,54,75,5.14,US,1712700991
397,brisas de zicatela,15.8369,-97.0419,30.29,70,0,3.09,MX,1712701011
398,weno,7.4515,151.8468,29.97,84,75,4.63,FM,1712701260
399,palmer,42.1584,-72.3287,23.65,18,75,0.0,US,1712701260
400,coahuayana de hidalgo,18.7,-103.6583,29.44,44,3,3.05,MX,1712701260
401,el calafate,-50.3408,-72.2768,5.89,77,56,4.91,AR,1712701260
402,taunggyi,20.7833,97.0333,20.43,33,0,1.41,MM,1712701260
403,mbandaka,0.0487,18.2603,23.0,88,27,1.42,CD,1712701261
404,axim,4.8699,-2.2405,27.81,85,58,2.42,GH,1712700978
405,port alfred,-33.5906,26.891,16.21,95,87,3.58,ZA,1712701261
406,al kharj,24.155,47.3346,22.32,61,100,4.01,SA,1712701199
407,dabhol,17.6,73.1667,24.92,74,1,3.94,IN,1712701261
408,kavaratti,10.5669,72.642,29.3,65,61,3.27,IN,1712701261
409,city of balikpapan,-1.242,116.8942,24.03,95,99,2.61,ID,1712701262
410,ilebo,-4.3167,20.5833,22.23,92,62,0.41,CD,1712701262
411,crane,31.3974,-102.3501,15.21,63,64,7.07,US,1712701262
412,rome,34.257,-85.1647,16.37,92,100,2.57,US,1712700994
413,judenburg,47.1667,14.6667,11.37,84,100,3.09,AT,1712701138
414,estevan,49.1334,-102.9842,16.19,31,90,5.22,CA,1712701066
415,malanje,-9.5402,16.341,18.34,99,41,1.6,AO,1712701263
416,buldana,20.5333,76.1833,26.46,47,20,2.85,IN,1712701263
417,aswan,24.0934,32.907,22.1,27,55,4.98,EG,1712701264
418,saldanha,-33.0117,17.9442,14.59,92,4,6.72,ZA,1712701050
419,saint-leu,-21.15,55.2833,23.48,80,59,0.71,RE,1712701264
420,kilindoni,-7.9139,39.6668,26.42,83,100,1.68,TZ,1712701264
421,al miqdadiyah,33.9786,44.9369,21.91,68,11,5.31,IQ,1712701264
422,sao joao da barra,-21.6403,-41.0511,26.05,85,100,5.16,BR,1712700992
423,tataouine,32.9297,10.4518,15.75,77,0,4.14,TN,1712701265
424,vilhena,-12.7406,-60.1458,23.62,92,89,0.92,BR,1712701056
425,bakaly,55.1789,53.8028,6.4,92,100,1.91,RU,1712701265
426,tazovsky,67.4667,78.7,-26.26,99,72,4.29,RU,1712701013
427,santa rita do sapucai,-22.2522,-45.7033,19.39,93,42,0.8,BR,1712701131
428,dryden,49.7833,-92.7503,5.16,93,100,2.57,CA,1712701266
429,greymouth,-42.4667,171.2,16.63,90,100,4.79,NZ,1712701204
430,aral,40.5156,81.2636,16.15,24,91,2.03,CN,1712701266
431,goure,13.9835,10.2704,28.03,17,79,2.04,NE,1712701266
432,ghat,24.9647,10.1728,26.77,8,30,2.63,LY,1712701005
433,ronne,55.1009,14.7066,7.95,93,75,5.14,DK,1712701266
434,kulhudhuffushi,6.6221,73.07,29.49,71,36,4.14,MV,1712701267
435,emkhomazi,-30.2067,30.7978,18.72,57,2,4.04,ZA,1712701267
436,oliver,49.1831,-119.5524,16.14,18,8,4.63,CA,1712701267
437,page,36.9147,-111.4558,18.71,11,0,0.89,US,1712701267
438,toyooka,35.5333,134.8333,6.38,76,5,0.76,JP,1712701267
439,shimoda,34.6667,138.95,9.5,63,95,6.69,JP,1712701268
440,buka,40.8108,69.1986,11.37,69,8,2.35,UZ,1712701268
441,calgary,51.0501,-114.0853,12.03,38,65,4.92,CA,1712700999
442,elk plain,47.0532,-122.3976,14.96,66,100,4.63,US,1712701268
443,tazacorte,28.629,-17.9293,20.08,62,0,7.72,ES,1712701268
444,pacasmayo,-7.4006,-79.5714,24.09,73,24,6.63,PE,1712701269
445,nsanje,-16.92,35.262,24.14,90,100,0.72,MW,1712700992
446,port blair,11.6667,92.75,27.29,77,100,2.14,IN,1712701269
447,comodoro rivadavia,-45.8667,-67.5,11.92,43,0,1.54,AR,1712701035
448,celendin,-6.8703,-78.1517,20.29,76,73,2.57,PE,1712701270
449,balabac,7.9868,117.0645,27.8,79,83,5.3,PH,1712701270
450,remire-montjoly,4.9167,-52.2667,27.02,94,75,1.54,GF,1712701270
451,guadalajara,20.6667,-103.3333,29.87,10,0,12.86,MX,1712701016
452,qingdao,36.0986,120.3719,9.78,57,0,4.0,CN,1712701270
453,krymsk,44.9293,37.9912,14.47,79,1,2.42,RU,1712701270
454,zheleznodorozhnyy,55.7503,38.0042,14.12,76,100,2.24,RU,1712701270
455,znamenskoye,57.1281,73.8282,-3.02,97,95,1.73,RU,1712701155
456,tallahassee,30.4383,-84.2807,25.48,62,75,5.14,US,1712701143
457,maintirano,-18.0667,44.0167,27.32,77,45,0.89,MG,1712701271
458,imbituba,-28.24,-48.6703,26.03,94,15,2.74,BR,1712701271
459,tremonton,41.7119,-112.1655,12.62,59,100,4.47,US,1712701271
460,kill devil hills,36.0307,-75.676,22.0,65,75,1.54,US,1712701271
461,nizhnesortymskiy,62.4397,71.7603,-22.86,100,49,2.39,RU,1712701272
462,walvis bay,-22.9575,14.5053,14.53,88,0,3.6,NA,1712701272
463,soe,-9.8607,124.284,18.96,99,100,1.01,ID,1712701272
464,ascension,30.2169,-90.9001,27.23,73,100,5.14,US,1712701272
465,naukot,24.8587,69.4024,28.33,30,99,6.25,PK,1712701272
466,maasin,10.1336,124.8447,25.41,83,94,2.78,PH,1712701273
467,taybad,34.74,60.7756,14.5,48,0,5.64,IR,1712701208
468,pacific grove,36.6177,-121.9166,23.55,74,0,4.12,US,1712701019
469,tshabong,-26.05,22.45,16.38,57,0,3.79,BW,1712701047
470,hasaki,35.7333,140.8333,9.05,50,36,9.74,JP,1712701273
471,assab,13.0092,42.7394,27.74,81,28,7.59,ER,1712701273
472,illizi,26.4833,8.4667,28.89,14,100,2.04,DZ,1712701273
473,arkalyk,50.2486,66.9114,4.82,96,87,4.06,KZ,1712701274
474,monahans,31.5943,-102.8926,18.38,48,100,7.76,US,1712701274
475,sandnessjoen,66.0217,12.6316,6.06,70,0,3.09,NO,1712701274
476,ciudad madero,22.2667,-97.8333,29.11,74,20,8.4,MX,1712701274
477,salalah,17.0151,54.0924,28.05,69,20,2.06,OM,1712701274
478,igarka,67.4667,86.5833,-23.88,95,82,4.92,RU,1712701078
479,kotlas,61.2611,46.6556,0.59,98,100,1.79,RU,1712701256
480,portel,-1.9356,-50.8211,25.3,95,100,1.69,BR,1712701275
481,namibe,-15.1961,12.1522,22.01,72,29,3.1,AO,1712701275
482,kaa-khem,51.6833,94.7333,7.45,89,100,2.45,RU,1712701275
483,mossel bay,-34.1831,22.146,16.96,87,100,6.5,ZA,1712701275
484,rio verde de mato grosso,-18.9181,-54.8442,26.68,79,100,1.43,BR,1712701275
485,fada,9.5667,8.3,23.99,55,100,3.29,NG,1712701276
486,smithers,54.7804,-127.1743,9.18,34,40,6.17,CA,1712701276
487,khovd,48.0056,91.6419,7.44,49,100,3.3,MN,1712701276
488,esmeraldas,-19.7625,-44.3139,25.58,77,98,1.13,BR,1712701169
489,dunedin,-45.8742,170.5036,17.11,85,100,0.45,NZ,1712701276
490,kimbe,-5.5502,150.1429,27.03,88,100,0.81,PG,1712701277
491,erbil,36.1926,44.0106,16.9,67,40,3.09,IQ,1712701277
492,gamboma,-1.8764,15.8644,24.59,79,60,1.54,CG,1712701277
493,omagh,54.6,-7.3,2.89,93,39,1.79,GB,1712701277
494,mudurnu,40.473,31.2076,7.49,90,3,2.34,TR,1712701277
495,gaalkacyo,6.7697,47.4308,25.49,74,74,6.51,SO,1712701278
496,guider,9.9342,13.9486,32.93,33,100,0.63,CM,1712701278
497,lib,8.3122,167.3766,27.9,82,99,9.33,MH,1712701278
498,chiras,35.4167,65.9823,0.23,94,91,3.26,AF,1712701278
499,escarcega,18.6089,-90.7454,41.09,23,5,2.25,MX,1712701182
500,malango,-2.9627,119.9001,19.96,99,99,0.75,ID,1712701279
501,beau vallon,-20.4189,57.6953,24.56,94,40,1.54,MU,1712701279
502,tuba city,36.135,-111.2399,15.77,12,0,4.77,US,1712701279
503,selibaby,15.159,-12.1829,35.01,16,1,3.72,MR,1712701279
504,kasongo-lunda,-6.4667,16.8167,22.1,96,73,0.63,CD,1712701280
505,hirara,24.8,125.2833,21.92,73,100,5.66,JP,1712701280
506,bambari,5.768,20.6757,28.45,49,86,1.23,CF,1712701280
507,bom jardim,-7.7958,-35.5872,23.94,92,79,4.14,BR,1712701280
508,tsarychanka,48.937,34.4786,16.35,49,1,1.22,UA,1712701056
509,luuq,3.7938,42.5445,28.9,69,100,3.44,SO,1712701280
510,island harbour,50.724,-1.2758,9.43,77,8,2.24,GB,1712701281
511,singkil,-7.9855,111.4161,24.02,92,100,1.81,ID,1712701281
512,sao vicente,-23.9631,-46.3919,27.1,59,5,0.89,BR,1712701103
513,oral,51.2333,51.3667,5.99,100,87,2.0,KZ,1712701281
514,prineville,44.2999,-120.8345,16.39,41,0,6.69,US,1712701281
515,vail,32.0479,-110.712,23.09,21,0,3.13,US,1712701282
516,flin flon,54.7682,-101.865,15.91,31,75,2.57,CA,1712701282
517,tanumah,27.1,44.1333,24.43,54,7,7.99,SA,1712701282
518,cole harbour,44.6724,-63.4751,3.86,68,87,7.6,CA,1712701282
519,cabedelo,-6.9811,-34.8339,27.37,82,93,5.7,BR,1712701160
520,cold lake,54.4502,-110.2017,14.97,23,40,4.63,CA,1712701105
521,at taj,24.2049,23.2857,18.65,30,93,5.01,LY,1712701283
522,zindah jan,34.3426,61.7468,14.19,55,0,5.38,AF,1712701283
523,baukau,51.5526,7.2042,10.51,85,83,5.93,DE,1712701283
524,severo-yeniseyskiy,60.3725,93.0408,0.88,91,100,3.13,RU,1712701279
525,ginir,7.1333,40.7,16.77,79,8,2.11,ET,1712701284
526,ovalle,-30.5983,-71.2003,24.6,41,13,2.66,CL,1712701153
527,murzuq,25.9155,13.9184,21.74,16,0,5.2,LY,1712701285
528,andalgala,-27.5819,-66.3165,19.4,59,65,1.39,AR,1712701279
529,mohr,54.3528,9.7167,10.08,76,100,8.75,DE,1712701285
530,nogliki,51.8333,143.1667,-3.14,90,12,2.24,RU,1712701097
531,ballina,-28.8667,153.5667,15.51,74,16,5.89,AU,1712701285
532,zarand,30.8127,56.564,17.58,42,95,3.11,IR,1712701286
533,magadan,59.5667,150.8,-5.82,78,7,3.12,RU,1712701078
534,maralal,1.0968,36.698,16.08,85,79,1.03,KE,1712701035
535,manicore,-5.8092,-61.3003,24.99,95,100,1.46,BR,1712701286
536,wynyard,-41.0,145.7167,13.65,74,45,4.56,AU,1712701287
537,muscatine,41.4667,-91.1335,18.1,34,40,3.6,US,1712701287
538,cambria,35.5641,-121.0808,26.34,62,0,4.3,US,1712701271
539,murghob,38.1702,73.9667,-8.9,62,94,2.84,TJ,1712701287
540,bismarck,46.8083,-100.7837,16.91,32,100,6.69,US,1712701200
541,dwarka,22.2394,68.9678,25.57,73,41,5.52,IN,1712701015
542,iwanai,42.9744,140.5089,4.46,54,1,6.1,JP,1712701288
543,mopti,14.6667,-4.0,35.15,21,52,0.88,ML,1712701288
544,xihe,31.6864,113.4659,16.26,77,82,1.8,CN,1712701289
545,la troncal,-2.4,-79.3333,27.71,92,86,0.28,EC,1712701289
546,sydney mines,46.2367,-60.2177,1.11,75,75,9.26,CA,1712701289
547,mthatha,-31.5889,28.7844,15.16,91,99,5.93,ZA,1712701238
548,brigantine,39.4101,-74.3646,20.11,57,0,4.12,US,1712701289
549,hami,42.8,93.45,15.61,19,46,3.52,CN,1712701289
